{
    "GraphImages": [
        {
            "dimensions": {
                "height": 1348,
                "width": 1080
            },
            "display_url": "https://instagram.fmaa8-1.fna.fbcdn.net/vp/3139c7a3621f7b7b855c0a594d8fb47a/5E2A3804/t51.2885-15/e35/43985767_333390900802121_7540448152347627960_n.jpg?_nc_ht=instagram.fmaa8-1.fna.fbcdn.net&_nc_cat=105",
            "edge_liked_by": {
                "count": 393
            },
            "edge_media_preview_like": {
                "count": 393
            },
            "edge_media_to_caption": {
                "edges": [
                    {
                        "node": {
                            "text": "Best scene. #venom"
                        }
                    }
                ]
            },
            "edge_media_to_comment": {
                "count": 6
            },
            "id": "1896590625505830321",
            "is_video": false,
            "owner": {
                "id": "538274600"
            },
            "shortcode": "BpSCyAVnGWx",
            "tags": [
                "venom"
            ],
            "taken_at_timestamp": 1540311242,
            "thumbnail_resources": [
                {
                    "config_height": 150,
                    "config_width": 150,
                    "src": "https://instagram.fmaa8-1.fna.fbcdn.net/vp/f08cbc39797a0a4a0bb55fed6ae8a621/5E346189/t51.2885-15/e35/c0.97.781.781a/s150x150/43985767_333390900802121_7540448152347627960_n.jpg?_nc_ht=instagram.fmaa8-1.fna.fbcdn.net&_nc_cat=105"
                },
                {
                    "config_height": 240,
                    "config_width": 240,
                    "src": "https://instagram.fmaa8-1.fna.fbcdn.net/vp/9e161336606aca5485a4a98690696741/5E5E88C3/t51.2885-15/e35/c0.97.781.781a/s240x240/43985767_333390900802121_7540448152347627960_n.jpg?_nc_ht=instagram.fmaa8-1.fna.fbcdn.net&_nc_cat=105"
                },
                {
                    "config_height": 320,
                    "config_width": 320,
                    "src": "https://instagram.fmaa8-1.fna.fbcdn.net/vp/785ffb55476fbcc293630ad13dddf278/5E350B79/t51.2885-15/e35/c0.97.781.781a/s320x320/43985767_333390900802121_7540448152347627960_n.jpg?_nc_ht=instagram.fmaa8-1.fna.fbcdn.net&_nc_cat=105"
                },
                {
                    "config_height": 480,
                    "config_width": 480,
                    "src": "https://instagram.fmaa8-1.fna.fbcdn.net/vp/3e4f74abf6c1172dc7da80cd226aa912/5E2B4B23/t51.2885-15/e35/c0.97.781.781a/s480x480/43985767_333390900802121_7540448152347627960_n.jpg?_nc_ht=instagram.fmaa8-1.fna.fbcdn.net&_nc_cat=105"
                },
                {
                    "config_height": 640,
                    "config_width": 640,
                    "src": "https://instagram.fmaa8-1.fna.fbcdn.net/vp/155f1d2e2dcd9a1e5bb31f042df56e75/5E345983/t51.2885-15/sh0.08/e35/c0.97.781.781a/s640x640/43985767_333390900802121_7540448152347627960_n.jpg?_nc_ht=instagram.fmaa8-1.fna.fbcdn.net&_nc_cat=105"
                }
            ],
            "thumbnail_src": "https://instagram.fmaa8-1.fna.fbcdn.net/vp/155f1d2e2dcd9a1e5bb31f042df56e75/5E345983/t51.2885-15/sh0.08/e35/c0.97.781.781a/s640x640/43985767_333390900802121_7540448152347627960_n.jpg?_nc_ht=instagram.fmaa8-1.fna.fbcdn.net&_nc_cat=105",
            "urls": [
                "https://instagram.fmaa8-1.fna.fbcdn.net/vp/3139c7a3621f7b7b855c0a594d8fb47a/5E2A3804/t51.2885-15/e35/43985767_333390900802121_7540448152347627960_n.jpg?_nc_ht=instagram.fmaa8-1.fna.fbcdn.net&_nc_cat=105"
            ]
        },
        {
            "dimensions": {
                "height": 923,
                "width": 1080
            },
            "display_url": "https://instagram.fmaa8-1.fna.fbcdn.net/vp/c6539d5fdf9e4d551afdccc30b5c36ae/5E271764/t51.2885-15/e35/37189291_267401037178058_8446003323013693440_n.jpg?_nc_ht=instagram.fmaa8-1.fna.fbcdn.net&_nc_cat=102",
            "edge_liked_by": {
                "count": 50
            },
            "edge_media_preview_like": {
                "count": 50
            },
            "edge_media_to_caption": {
                "edges": [
                    {
                        "node": {
                            "text": "Bir Türkiye parçası: Soma’nın kadınları\n\nPozitif ayrımcılık nereye kadar? Politik doğruculuk ne işe yarar, mücadele davanın topraklarından doğmadıkça? Soma katliamı ve 3 yıllık dava süreci üzerinden Türkiye’ye hakim olan dedikodu çemberi, onun içinde kalan kadınlar, evlerden ‘kurtulamayan’ gelinler, aynı davada buluşmuş kadın avukatlar, ilçenin yazılamayan pavyon haberleri, yerel gazetecinin önemi ve örgütlerin mansplaining’ine uzandık.\n.\n.\n#manspalining #örgüt #soma #yırca #kadın #politikdoğruculuk \nSeçil Türkkan'ın söyleşisinin devam için profildeki linke tıklayın👆"
                        }
                    }
                ]
            },
            "edge_media_to_comment": {
                "count": 0
            },
            "id": "1831896565385996747",
            "is_video": false,
            "owner": {
                "id": "3670470000"
            },
            "shortcode": "BlsNDhtFynL",
            "tags": [
                "politikdoğruculuk",
                "kadın",
                "soma",
                "yırca",
                "manspalining",
                "örgüt"
            ],
            "taken_at_timestamp": 1532599109,
            "thumbnail_resources": [
                {
                    "config_height": 150,
                    "config_width": 150,
                    "src": "https://instagram.fmaa8-1.fna.fbcdn.net/vp/4cb0d6b931f9464bfc79aab25550335c/5E3E94F6/t51.2885-15/e35/c65.0.768.768a/s150x150/37189291_267401037178058_8446003323013693440_n.jpg?_nc_ht=instagram.fmaa8-1.fna.fbcdn.net&_nc_cat=102"
                },
                {
                    "config_height": 240,
                    "config_width": 240,
                    "src": "https://instagram.fmaa8-1.fna.fbcdn.net/vp/3e2de999ded25794cbabcfb813595eaa/5E5E05BC/t51.2885-15/e35/c65.0.768.768a/s240x240/37189291_267401037178058_8446003323013693440_n.jpg?_nc_ht=instagram.fmaa8-1.fna.fbcdn.net&_nc_cat=102"
                },
                {
                    "config_height": 320,
                    "config_width": 320,
                    "src": "https://instagram.fmaa8-1.fna.fbcdn.net/vp/2ed5576d86c061c61a25fede40f238c9/5E239B06/t51.2885-15/e35/c65.0.768.768a/s320x320/37189291_267401037178058_8446003323013693440_n.jpg?_nc_ht=instagram.fmaa8-1.fna.fbcdn.net&_nc_cat=102"
                },
                {
                    "config_height": 480,
                    "config_width": 480,
                    "src": "https://instagram.fmaa8-1.fna.fbcdn.net/vp/11cca23336e0a7661ddf4f0a81b973ff/5E627F5C/t51.2885-15/e35/c65.0.768.768a/s480x480/37189291_267401037178058_8446003323013693440_n.jpg?_nc_ht=instagram.fmaa8-1.fna.fbcdn.net&_nc_cat=102"
                },
                {
                    "config_height": 640,
                    "config_width": 640,
                    "src": "https://instagram.fmaa8-1.fna.fbcdn.net/vp/aee13e74646278389b0241179549bd56/5E26BEFC/t51.2885-15/sh0.08/e35/c65.0.768.768a/s640x640/37189291_267401037178058_8446003323013693440_n.jpg?_nc_ht=instagram.fmaa8-1.fna.fbcdn.net&_nc_cat=102"
                }
            ],
            "thumbnail_src": "https://instagram.fmaa8-1.fna.fbcdn.net/vp/aee13e74646278389b0241179549bd56/5E26BEFC/t51.2885-15/sh0.08/e35/c65.0.768.768a/s640x640/37189291_267401037178058_8446003323013693440_n.jpg?_nc_ht=instagram.fmaa8-1.fna.fbcdn.net&_nc_cat=102",
            "urls": [
                "https://instagram.fmaa8-1.fna.fbcdn.net/vp/c6539d5fdf9e4d551afdccc30b5c36ae/5E271764/t51.2885-15/e35/37189291_267401037178058_8446003323013693440_n.jpg?_nc_ht=instagram.fmaa8-1.fna.fbcdn.net&_nc_cat=102"
            ]
        },
        {
            "dimensions": {
                "height": 421,
                "width": 750
            },
            "display_url": "https://instagram.fmaa8-1.fna.fbcdn.net/vp/27f20d114b18e156757ce0b6daf20da7/5DAA7805/t51.2885-15/e15/17596029_1469666426391091_483602696075476992_n.jpg?_nc_ht=instagram.fmaa8-1.fna.fbcdn.net&_nc_cat=107",
            "edge_liked_by": {
                "count": 153
            },
            "edge_media_preview_like": {
                "count": 153
            },
            "edge_media_to_caption": {
                "edges": [
                    {
                        "node": {
                            "text": "Mansplaining är ett vanligt fenomen! Imorse i @nyhetsmorgon gav @elaineeksvard fyra tips på hur du hanterar dessa obekväma situationer på bästa sätt. Känner du en besserwisser, idéknyckare, pseudoexpert eller en som inte är lyhörd för din kompetens. Det finns sätt att hantera dessa snyggt. Här får du fyra tips, hela klippet hittar du i bion. Tagga någon du vet skulle ha glädje av tipsen. \n#retorikexpert #manspalining #nyhetsmorgon #vardagsretorik #fixavardsgssnacket"
                        }
                    }
                ]
            },
            "edge_media_to_comment": {
                "count": 8
            },
            "id": "1481075261974059709",
            "is_video": true,
            "owner": {
                "id": "1477923460"
            },
            "shortcode": "BSN1hqLlRq9",
            "tags": [
                "vardagsretorik",
                "nyhetsmorgon",
                "retorikexpert",
                "manspalining",
                "fixavardsgssnacket"
            ],
            "taken_at_timestamp": 1490777951,
            "thumbnail_resources": [
                {
                    "config_height": 150,
                    "config_width": 150,
                    "src": "https://instagram.fmaa8-1.fna.fbcdn.net/vp/12a41d69359bbf38a22297539b59b7bc/5DAA683E/t51.2885-15/e15/c157.0.405.405a/s150x150/17596029_1469666426391091_483602696075476992_n.jpg?_nc_ht=instagram.fmaa8-1.fna.fbcdn.net&_nc_cat=107"
                },
                {
                    "config_height": 240,
                    "config_width": 240,
                    "src": "https://instagram.fmaa8-1.fna.fbcdn.net/vp/a9ec5d3ffe5229b21c7d3abb71a43c4f/5DAAC234/t51.2885-15/e15/c157.0.405.405a/s240x240/17596029_1469666426391091_483602696075476992_n.jpg?_nc_ht=instagram.fmaa8-1.fna.fbcdn.net&_nc_cat=107"
                },
                {
                    "config_height": 320,
                    "config_width": 320,
                    "src": "https://instagram.fmaa8-1.fna.fbcdn.net/vp/6fbc78f524b1dea1aeffffebe4964aea/5DAA6A0E/t51.2885-15/e15/c157.0.405.405a/s320x320/17596029_1469666426391091_483602696075476992_n.jpg?_nc_ht=instagram.fmaa8-1.fna.fbcdn.net&_nc_cat=107"
                },
                {
                    "config_height": 480,
                    "config_width": 480,
                    "src": "https://instagram.fmaa8-1.fna.fbcdn.net/vp/5473175bd02b42eca033df927c598247/5DAA9F36/t51.2885-15/e15/c157.0.405.405a/17596029_1469666426391091_483602696075476992_n.jpg?_nc_ht=instagram.fmaa8-1.fna.fbcdn.net&_nc_cat=107"
                },
                {
                    "config_height": 640,
                    "config_width": 640,
                    "src": "https://instagram.fmaa8-1.fna.fbcdn.net/vp/5473175bd02b42eca033df927c598247/5DAA9F36/t51.2885-15/e15/c157.0.405.405a/17596029_1469666426391091_483602696075476992_n.jpg?_nc_ht=instagram.fmaa8-1.fna.fbcdn.net&_nc_cat=107"
                }
            ],
            "thumbnail_src": "https://instagram.fmaa8-1.fna.fbcdn.net/vp/5473175bd02b42eca033df927c598247/5DAA9F36/t51.2885-15/e15/c157.0.405.405a/17596029_1469666426391091_483602696075476992_n.jpg?_nc_ht=instagram.fmaa8-1.fna.fbcdn.net&_nc_cat=107",
            "urls": [
                "https://instagram.fmaa8-1.fna.fbcdn.net/v/t50.2886-16/17551309_577994399041027_4708989580555059200_n.mp4?_nc_ht=instagram.fmaa8-1.fna.fbcdn.net&_nc_cat=107&oe=5DAAE16E&oh=d4902bfacd09a0b150758b0eb5dd845a"
            ],
            "video_view_count": 4857
        },
        {
            "dimensions": {
                "height": 1350,
                "width": 1080
            },
            "display_url": "https://instagram.fmaa8-1.fna.fbcdn.net/vp/4a7832f8e0ee7f7e69c484db85c54509/5E28C2FD/t51.2885-15/e35/p1080x1080/69034099_176564526840165_3521578840321778350_n.jpg?_nc_ht=instagram.fmaa8-1.fna.fbcdn.net&_nc_cat=109",
            "edge_liked_by": {
                "count": 23
            },
            "edge_media_preview_like": {
                "count": 23
            },
            "edge_media_to_caption": {
                "edges": [
                    {
                        "node": {
                            "text": "“Most of my life, I would have doubted myself and backed down. Having public standing as a writer of history helped me stand my ground, but few women get that boost, and billions of women must be out there on this seven-billion-person planet being told that they are not reliable witnesses to their own lives, that the truth is not their property, now or ever. This goes way beyond Men Explaining Things, but it’s part of the same archipelago of arrogance. ⁣\n⁣\nMen explain things to me, still. And no man has ever apologized for explaining, wrongly, things that I know and they don’t.” ⁣\n⁣\n- Rebecca Solnit, “Men Explain Things To Me” ⁣\n⁣\nI read this book after spending a significant amount of time with condescending men this past month. There was plenty in this book I didn’t like, but it was nice reading about self doubt and arrogant men and knowing I’m not alone. ⁣\n⁣\n🌱📚♥️"
                        }
                    }
                ]
            },
            "edge_media_to_comment": {
                "count": 5
            },
            "id": "2140152966168973175",
            "is_video": false,
            "owner": {
                "id": "10269091906"
            },
            "shortcode": "B2zWcihgA93",
            "tags": [],
            "taken_at_timestamp": 1569346136,
            "thumbnail_resources": [
                {
                    "config_height": 150,
                    "config_width": 150,
                    "src": "https://instagram.fmaa8-1.fna.fbcdn.net/vp/058dc658fa7fda26c562c92281a5e1b0/5E2F0DA5/t51.2885-15/e35/c0.180.1440.1440a/s150x150/69034099_176564526840165_3521578840321778350_n.jpg?_nc_ht=instagram.fmaa8-1.fna.fbcdn.net&_nc_cat=109"
                },
                {
                    "config_height": 240,
                    "config_width": 240,
                    "src": "https://instagram.fmaa8-1.fna.fbcdn.net/vp/29df8ff775a7bbd71fb8f91741236dba/5E2DC2EF/t51.2885-15/e35/c0.180.1440.1440a/s240x240/69034099_176564526840165_3521578840321778350_n.jpg?_nc_ht=instagram.fmaa8-1.fna.fbcdn.net&_nc_cat=109"
                },
                {
                    "config_height": 320,
                    "config_width": 320,
                    "src": "https://instagram.fmaa8-1.fna.fbcdn.net/vp/3009602f00dc4ba5139aaadb9ac81a71/5E420A55/t51.2885-15/e35/c0.180.1440.1440a/s320x320/69034099_176564526840165_3521578840321778350_n.jpg?_nc_ht=instagram.fmaa8-1.fna.fbcdn.net&_nc_cat=109"
                },
                {
                    "config_height": 480,
                    "config_width": 480,
                    "src": "https://instagram.fmaa8-1.fna.fbcdn.net/vp/d7926da2fbb3078199dabe20d2a7ba68/5E310F0F/t51.2885-15/e35/c0.180.1440.1440a/s480x480/69034099_176564526840165_3521578840321778350_n.jpg?_nc_ht=instagram.fmaa8-1.fna.fbcdn.net&_nc_cat=109"
                },
                {
                    "config_height": 640,
                    "config_width": 640,
                    "src": "https://instagram.fmaa8-1.fna.fbcdn.net/vp/9c5ec5f383eecbe618851851ef0fe749/5E5EC56E/t51.2885-15/sh0.08/e35/c0.180.1440.1440a/s640x640/69034099_176564526840165_3521578840321778350_n.jpg?_nc_ht=instagram.fmaa8-1.fna.fbcdn.net&_nc_cat=109"
                }
            ],
            "thumbnail_src": "https://instagram.fmaa8-1.fna.fbcdn.net/vp/9c5ec5f383eecbe618851851ef0fe749/5E5EC56E/t51.2885-15/sh0.08/e35/c0.180.1440.1440a/s640x640/69034099_176564526840165_3521578840321778350_n.jpg?_nc_ht=instagram.fmaa8-1.fna.fbcdn.net&_nc_cat=109",
            "urls": [
                "https://instagram.fmaa8-1.fna.fbcdn.net/vp/4a7832f8e0ee7f7e69c484db85c54509/5E28C2FD/t51.2885-15/e35/p1080x1080/69034099_176564526840165_3521578840321778350_n.jpg?_nc_ht=instagram.fmaa8-1.fna.fbcdn.net&_nc_cat=109"
            ]
        },
        {
            "dimensions": {
                "height": 1350,
                "width": 1080
            },
            "display_url": "https://instagram.fmaa8-1.fna.fbcdn.net/vp/401777fc870a52912b04ec4961c2d21a/5E2ED870/t51.2885-15/e35/23098769_716576758541914_4175784251343503360_n.jpg?_nc_ht=instagram.fmaa8-1.fna.fbcdn.net&_nc_cat=110",
            "edge_liked_by": {
                "count": 15
            },
            "edge_media_preview_like": {
                "count": 15
            },
            "edge_media_to_caption": {
                "edges": [
                    {
                        "node": {
                            "text": "#Critica de #valerian  de #lucbesson para @buenosbaresarg\n\nhttp://www.buenosbares.com/critica-valerian-la-ciudad-los-mil-planetas/\n\n#danedehann #caradelevigne #cliveowen #ethanhawke #rihanna #pierrechristin #jeanclaudemezieres #scifi #prestarwars #sexcism #space #manspalining #comictomovie #Comics #movie  #adaptation #machismo  #chauvinism #actors"
                        }
                    }
                ]
            },
            "edge_media_to_comment": {
                "count": 0
            },
            "id": "1638548241393866049",
            "is_video": false,
            "owner": {
                "id": "2140740534"
            },
            "shortcode": "Ba9SvGzn1VB",
            "tags": [
                "pierrechristin",
                "cliveowen",
                "ethanhawke",
                "Critica",
                "movie",
                "prestarwars",
                "danedehann",
                "caradelevigne",
                "rihanna",
                "space",
                "machismo",
                "sexcism",
                "manspalining",
                "lucbesson",
                "valerian",
                "scifi",
                "actors",
                "adaptation",
                "chauvinism",
                "comictomovie",
                "Comics",
                "jeanclaudemezieres"
            ],
            "taken_at_timestamp": 1509550193,
            "thumbnail_resources": [
                {
                    "config_height": 150,
                    "config_width": 150,
                    "src": "https://instagram.fmaa8-1.fna.fbcdn.net/vp/2faa6cb4d40848fe8677b2e39e19e810/5E3579CD/t51.2885-15/e35/c0.101.810.810a/s150x150/23098769_716576758541914_4175784251343503360_n.jpg?_nc_ht=instagram.fmaa8-1.fna.fbcdn.net&_nc_cat=110"
                },
                {
                    "config_height": 240,
                    "config_width": 240,
                    "src": "https://instagram.fmaa8-1.fna.fbcdn.net/vp/18de942afcf3d83b7b3844ae746c99dd/5E237087/t51.2885-15/e35/c0.101.810.810a/s240x240/23098769_716576758541914_4175784251343503360_n.jpg?_nc_ht=instagram.fmaa8-1.fna.fbcdn.net&_nc_cat=110"
                },
                {
                    "config_height": 320,
                    "config_width": 320,
                    "src": "https://instagram.fmaa8-1.fna.fbcdn.net/vp/77b9731db57e68cd2c1face7e85bc204/5E30FC3D/t51.2885-15/e35/c0.101.810.810a/s320x320/23098769_716576758541914_4175784251343503360_n.jpg?_nc_ht=instagram.fmaa8-1.fna.fbcdn.net&_nc_cat=110"
                },
                {
                    "config_height": 480,
                    "config_width": 480,
                    "src": "https://instagram.fmaa8-1.fna.fbcdn.net/vp/6b44a8488fd6d515840e69720f521c02/5E29B567/t51.2885-15/e35/c0.101.810.810a/s480x480/23098769_716576758541914_4175784251343503360_n.jpg?_nc_ht=instagram.fmaa8-1.fna.fbcdn.net&_nc_cat=110"
                },
                {
                    "config_height": 640,
                    "config_width": 640,
                    "src": "https://instagram.fmaa8-1.fna.fbcdn.net/vp/e97feba39a998ccadee9f17bf68e3dad/5E3429A5/t51.2885-15/sh0.08/e35/c0.101.810.810a/s640x640/23098769_716576758541914_4175784251343503360_n.jpg?_nc_ht=instagram.fmaa8-1.fna.fbcdn.net&_nc_cat=110"
                }
            ],
            "thumbnail_src": "https://instagram.fmaa8-1.fna.fbcdn.net/vp/e97feba39a998ccadee9f17bf68e3dad/5E3429A5/t51.2885-15/sh0.08/e35/c0.101.810.810a/s640x640/23098769_716576758541914_4175784251343503360_n.jpg?_nc_ht=instagram.fmaa8-1.fna.fbcdn.net&_nc_cat=110",
            "urls": [
                "https://instagram.fmaa8-1.fna.fbcdn.net/vp/401777fc870a52912b04ec4961c2d21a/5E2ED870/t51.2885-15/e35/23098769_716576758541914_4175784251343503360_n.jpg?_nc_ht=instagram.fmaa8-1.fna.fbcdn.net&_nc_cat=110"
            ]
        },
        {
            "dimensions": {
                "height": 1350,
                "width": 1080
            },
            "display_url": "https://instagram.fmaa8-1.fna.fbcdn.net/vp/cde9fadc0c298ef5fd82575996f1eec1/5E1EF7DC/t51.2885-15/e35/19227223_168269943711418_4355293375847464960_n.jpg?_nc_ht=instagram.fmaa8-1.fna.fbcdn.net&_nc_cat=110",
            "edge_liked_by": {
                "count": 43
            },
            "edge_media_preview_like": {
                "count": 43
            },
            "edge_media_to_caption": {
                "edges": [
                    {
                        "node": {
                            "text": "Yeah. That's what I forgot to mention while I was on this beautiful trip to Mcleodganj. And yes, you can call me whatever for sharing this particular with you! 'Muktimorcha' to 'frustu', whatever. 🙃\n\nI preserved this picture out of the whole lot. Say hello to those who made sure that we worry about 'safety and security' rather way too much than required, because obviously we are girls...and then we're in India and rather stupid too, for travelling 'alone' and crazy shits to trek our way up a waterfall. \nYes, they were chased away by the police! But episodes of general harassment continued for the next three days perpetrated by different men, at different points while we were exploring the place. Hence, the bright paint of frustration on my friend's face! \nI wonder why such contradictary events occur when #notallmen are claimed to be alike. 🤔 Really confused...and therefore, looking forward to some #manspalining ...\n#everydaysexism #notonedaycanbedifferent #ballbrainsaround #justareminder #lookoutfortroublealways #obviouslyagain  #becauseyouareawoman #andbecause #yourvaginaistheidentity #slowclaps"
                        }
                    }
                ]
            },
            "edge_media_to_comment": {
                "count": 4
            },
            "id": "1536269224119552797",
            "is_video": false,
            "owner": {
                "id": "1619273435"
            },
            "shortcode": "BVR7LhHAssd",
            "tags": [
                "slowclaps",
                "justareminder",
                "obviouslyagain",
                "notallmen",
                "ballbrainsaround",
                "everydaysexism",
                "yourvaginaistheidentity",
                "lookoutfortroublealways",
                "becauseyouareawoman",
                "manspalining",
                "notonedaycanbedifferent",
                "andbecause"
            ],
            "taken_at_timestamp": 1497357584,
            "thumbnail_resources": [
                {
                    "config_height": 150,
                    "config_width": 150,
                    "src": "https://instagram.fmaa8-1.fna.fbcdn.net/vp/a9b77eb4f8d7f330a1f403cc363e6027/5E2E5F1B/t51.2885-15/e35/c0.135.1080.1080a/s150x150/19227223_168269943711418_4355293375847464960_n.jpg?_nc_ht=instagram.fmaa8-1.fna.fbcdn.net&_nc_cat=110"
                },
                {
                    "config_height": 240,
                    "config_width": 240,
                    "src": "https://instagram.fmaa8-1.fna.fbcdn.net/vp/ba5294779f16163073a13e6d71b3b49c/5E64F451/t51.2885-15/e35/c0.135.1080.1080a/s240x240/19227223_168269943711418_4355293375847464960_n.jpg?_nc_ht=instagram.fmaa8-1.fna.fbcdn.net&_nc_cat=110"
                },
                {
                    "config_height": 320,
                    "config_width": 320,
                    "src": "https://instagram.fmaa8-1.fna.fbcdn.net/vp/a1ed15e297d21c2a059ff4efdec0a9e0/5E6048EB/t51.2885-15/e35/c0.135.1080.1080a/s320x320/19227223_168269943711418_4355293375847464960_n.jpg?_nc_ht=instagram.fmaa8-1.fna.fbcdn.net&_nc_cat=110"
                },
                {
                    "config_height": 480,
                    "config_width": 480,
                    "src": "https://instagram.fmaa8-1.fna.fbcdn.net/vp/dda3f020c5c46bef04dcd3298e135ed9/5E24B7B1/t51.2885-15/e35/c0.135.1080.1080a/s480x480/19227223_168269943711418_4355293375847464960_n.jpg?_nc_ht=instagram.fmaa8-1.fna.fbcdn.net&_nc_cat=110"
                },
                {
                    "config_height": 640,
                    "config_width": 640,
                    "src": "https://instagram.fmaa8-1.fna.fbcdn.net/vp/6185d2b3738024b5b6ee6b9948c122c5/5E2D50D0/t51.2885-15/sh0.08/e35/c0.135.1080.1080a/s640x640/19227223_168269943711418_4355293375847464960_n.jpg?_nc_ht=instagram.fmaa8-1.fna.fbcdn.net&_nc_cat=110"
                }
            ],
            "thumbnail_src": "https://instagram.fmaa8-1.fna.fbcdn.net/vp/6185d2b3738024b5b6ee6b9948c122c5/5E2D50D0/t51.2885-15/sh0.08/e35/c0.135.1080.1080a/s640x640/19227223_168269943711418_4355293375847464960_n.jpg?_nc_ht=instagram.fmaa8-1.fna.fbcdn.net&_nc_cat=110",
            "urls": [
                "https://instagram.fmaa8-1.fna.fbcdn.net/vp/cde9fadc0c298ef5fd82575996f1eec1/5E1EF7DC/t51.2885-15/e35/19227223_168269943711418_4355293375847464960_n.jpg?_nc_ht=instagram.fmaa8-1.fna.fbcdn.net&_nc_cat=110"
            ]
        },
        {
            "dimensions": {
                "height": 1080,
                "width": 1080
            },
            "display_url": "https://instagram.fmaa8-1.fna.fbcdn.net/vp/77441e5d7793d6a55fb57cafe4129be6/5E3223BE/t51.2885-15/e35/37238170_206106256754403_327384225734983680_n.jpg?_nc_ht=instagram.fmaa8-1.fna.fbcdn.net&_nc_cat=103",
            "edge_liked_by": {
                "count": 61
            },
            "edge_media_preview_like": {
                "count": 61
            },
            "edge_media_to_caption": {
                "edges": [
                    {
                        "node": {
                            "text": "Hoy os vamos a explicar lo que es Par De Tres de la manera más pasivo-agresiva que existe...notitas de post-it.\nY quien no haya volcado toda su ira en un post-it tratando de disimular el sentimiento de arrancar cabezas que tire la primera piedra.\n\n#somospardetres #therealpardetres #comedia #manspalining #quienessomos\n#pardetres #comedymandanguer\n#comedy #videopodcast \n#staytuned #soon #prontamente"
                        }
                    }
                ]
            },
            "edge_media_to_comment": {
                "count": 6
            },
            "id": "1826185902712607276",
            "is_video": false,
            "owner": {
                "id": "8229853268"
            },
            "shortcode": "BlX6mcpAtIs",
            "tags": [
                "videopodcast",
                "somospardetres",
                "comedy",
                "staytuned",
                "soon",
                "comedymandanguer",
                "therealpardetres",
                "comedia",
                "prontamente",
                "pardetres",
                "manspalining",
                "quienessomos"
            ],
            "taken_at_timestamp": 1531918345,
            "thumbnail_resources": [
                {
                    "config_height": 150,
                    "config_width": 150,
                    "src": "https://instagram.fmaa8-1.fna.fbcdn.net/vp/9a8f040ef27aaa5dff6d7de7f3922d70/5E31B52C/t51.2885-15/e35/s150x150/37238170_206106256754403_327384225734983680_n.jpg?_nc_ht=instagram.fmaa8-1.fna.fbcdn.net&_nc_cat=103"
                },
                {
                    "config_height": 240,
                    "config_width": 240,
                    "src": "https://instagram.fmaa8-1.fna.fbcdn.net/vp/75119deede234192967c2e7a931f608e/5E2AED99/t51.2885-15/e35/s240x240/37238170_206106256754403_327384225734983680_n.jpg?_nc_ht=instagram.fmaa8-1.fna.fbcdn.net&_nc_cat=103"
                },
                {
                    "config_height": 320,
                    "config_width": 320,
                    "src": "https://instagram.fmaa8-1.fna.fbcdn.net/vp/9c53c011eef7addcb2633b309e836306/5E3FCA21/t51.2885-15/e35/s320x320/37238170_206106256754403_327384225734983680_n.jpg?_nc_ht=instagram.fmaa8-1.fna.fbcdn.net&_nc_cat=103"
                },
                {
                    "config_height": 480,
                    "config_width": 480,
                    "src": "https://instagram.fmaa8-1.fna.fbcdn.net/vp/13745f671689145b24bdfc2b594231c7/5E34017D/t51.2885-15/e35/s480x480/37238170_206106256754403_327384225734983680_n.jpg?_nc_ht=instagram.fmaa8-1.fna.fbcdn.net&_nc_cat=103"
                },
                {
                    "config_height": 640,
                    "config_width": 640,
                    "src": "https://instagram.fmaa8-1.fna.fbcdn.net/vp/6be773012b1fdf1d9a0a26578428f2e8/5E5F4CCD/t51.2885-15/sh0.08/e35/s640x640/37238170_206106256754403_327384225734983680_n.jpg?_nc_ht=instagram.fmaa8-1.fna.fbcdn.net&_nc_cat=103"
                }
            ],
            "thumbnail_src": "https://instagram.fmaa8-1.fna.fbcdn.net/vp/6be773012b1fdf1d9a0a26578428f2e8/5E5F4CCD/t51.2885-15/sh0.08/e35/s640x640/37238170_206106256754403_327384225734983680_n.jpg?_nc_ht=instagram.fmaa8-1.fna.fbcdn.net&_nc_cat=103",
            "urls": [
                "https://instagram.fmaa8-1.fna.fbcdn.net/vp/77441e5d7793d6a55fb57cafe4129be6/5E3223BE/t51.2885-15/e35/37238170_206106256754403_327384225734983680_n.jpg?_nc_ht=instagram.fmaa8-1.fna.fbcdn.net&_nc_cat=103",
                "https://instagram.fmaa8-1.fna.fbcdn.net/vp/4996f23838bde1bb6e48d03d38e4bde9/5E269368/t51.2885-15/e35/36667409_258051458320375_6704315203116335104_n.jpg?_nc_ht=instagram.fmaa8-1.fna.fbcdn.net&_nc_cat=107",
                "https://instagram.fmaa8-1.fna.fbcdn.net/vp/95d0d0cdf3adce156ada5e51060b2640/5E1FC575/t51.2885-15/e35/36542228_209570679759938_177603477579497472_n.jpg?_nc_ht=instagram.fmaa8-1.fna.fbcdn.net&_nc_cat=102",
                "https://instagram.fmaa8-1.fna.fbcdn.net/vp/200cf6c178275a40342ddbbccf460b57/5E44DC5C/t51.2885-15/e35/36855499_1872515576375364_7087887647011504128_n.jpg?_nc_ht=instagram.fmaa8-1.fna.fbcdn.net&_nc_cat=100",
                "https://instagram.fmaa8-1.fna.fbcdn.net/vp/fabbcefea9fd2b8a47cb35bf23617a2f/5E41F979/t51.2885-15/e35/37146968_435755420272348_7454900969050996736_n.jpg?_nc_ht=instagram.fmaa8-1.fna.fbcdn.net&_nc_cat=104",
                "https://instagram.fmaa8-1.fna.fbcdn.net/vp/1e4af84ada8e8e89704909244a62cef5/5E2D1C63/t51.2885-15/e35/37152077_226908481269813_6588497209501679616_n.jpg?_nc_ht=instagram.fmaa8-1.fna.fbcdn.net&_nc_cat=109",
                "https://instagram.fmaa8-1.fna.fbcdn.net/vp/933a359185aefc27e0360d56801f65a9/5E263020/t51.2885-15/e35/36913245_482335745548715_5347512369767514112_n.jpg?_nc_ht=instagram.fmaa8-1.fna.fbcdn.net&_nc_cat=111"
            ]
        },
        {
            "dimensions": {
                "height": 272,
                "width": 480
            },
            "display_url": "https://instagram.fmaa8-1.fna.fbcdn.net/vp/f27ecb9581a4ae3c0e028b8af6275ca3/5DAA897C/t51.2885-15/e35/36984233_1878652455489962_2222377178878705664_n.jpg?_nc_ht=instagram.fmaa8-1.fna.fbcdn.net&_nc_cat=102",
            "edge_liked_by": {
                "count": 61
            },
            "edge_media_preview_like": {
                "count": 61
            },
            "edge_media_to_caption": {
                "edges": [
                    {
                        "node": {
                            "text": "Par De Tres es el resultado de un difícil proceso de desarrollo creativo hecho por mentes sublimes y complejas. Hoy os vamos a enseñar como llegamos a parir nuestro nombre. \nTomen apuntes por favor, que esto va para largo.\n\n#somospardetres #therealpardetres #comedia #manspalining #quienessomos\n#pardetres #comedymandanguer\n#comedy #videopodcast \n#staytuned #soon #prontamente"
                        }
                    }
                ]
            },
            "edge_media_to_comment": {
                "count": 10
            },
            "id": "1826803455868731697",
            "is_video": true,
            "owner": {
                "id": "8229853268"
            },
            "shortcode": "BlaHBB1gwEx",
            "tags": [
                "videopodcast",
                "somospardetres",
                "comedy",
                "staytuned",
                "soon",
                "comedymandanguer",
                "therealpardetres",
                "comedia",
                "prontamente",
                "pardetres",
                "manspalining",
                "quienessomos"
            ],
            "taken_at_timestamp": 1531992234,
            "thumbnail_resources": [
                {
                    "config_height": 150,
                    "config_width": 150,
                    "src": "https://instagram.fmaa8-1.fna.fbcdn.net/vp/3f41d49ff9f1666a7f14703d425b9ab3/5DAAA7D4/t51.2885-15/e35/c104.0.272.272a/s150x150/36984233_1878652455489962_2222377178878705664_n.jpg?_nc_ht=instagram.fmaa8-1.fna.fbcdn.net&_nc_cat=102"
                },
                {
                    "config_height": 240,
                    "config_width": 240,
                    "src": "https://instagram.fmaa8-1.fna.fbcdn.net/vp/97a33913dd1bfaba096949ab23e540e5/5DAABF52/t51.2885-15/e35/c104.0.272.272a/s240x240/36984233_1878652455489962_2222377178878705664_n.jpg?_nc_ht=instagram.fmaa8-1.fna.fbcdn.net&_nc_cat=102"
                },
                {
                    "config_height": 320,
                    "config_width": 320,
                    "src": "https://instagram.fmaa8-1.fna.fbcdn.net/vp/6b82c5e52fa6e7c1e487bd3e6b702587/5DAAD2CB/t51.2885-15/e35/c104.0.272.272a/36984233_1878652455489962_2222377178878705664_n.jpg?_nc_ht=instagram.fmaa8-1.fna.fbcdn.net&_nc_cat=102"
                },
                {
                    "config_height": 480,
                    "config_width": 480,
                    "src": "https://instagram.fmaa8-1.fna.fbcdn.net/vp/6b82c5e52fa6e7c1e487bd3e6b702587/5DAAD2CB/t51.2885-15/e35/c104.0.272.272a/36984233_1878652455489962_2222377178878705664_n.jpg?_nc_ht=instagram.fmaa8-1.fna.fbcdn.net&_nc_cat=102"
                },
                {
                    "config_height": 640,
                    "config_width": 640,
                    "src": "https://instagram.fmaa8-1.fna.fbcdn.net/vp/6b82c5e52fa6e7c1e487bd3e6b702587/5DAAD2CB/t51.2885-15/e35/c104.0.272.272a/36984233_1878652455489962_2222377178878705664_n.jpg?_nc_ht=instagram.fmaa8-1.fna.fbcdn.net&_nc_cat=102"
                }
            ],
            "thumbnail_src": "https://instagram.fmaa8-1.fna.fbcdn.net/vp/6b82c5e52fa6e7c1e487bd3e6b702587/5DAAD2CB/t51.2885-15/e35/c104.0.272.272a/36984233_1878652455489962_2222377178878705664_n.jpg?_nc_ht=instagram.fmaa8-1.fna.fbcdn.net&_nc_cat=102",
            "urls": [
                "https://instagram.fmaa8-1.fna.fbcdn.net/v/t50.2886-16/36764310_1699294703529783_8487675780074045440_n.mp4?_nc_ht=instagram.fmaa8-1.fna.fbcdn.net&_nc_cat=103&oe=5DAAE96D&oh=bfe5be7a9386d66f61f1189db280025a"
            ],
            "video_view_count": 336
        },
        {
            "comments_disabled": false,
            "dimensions": {
                "height": 1350,
                "width": 1080
            },
            "display_url": "https://instagram.fmaa8-1.fna.fbcdn.net/vp/4a7832f8e0ee7f7e69c484db85c54509/5E28C2FD/t51.2885-15/e35/p1080x1080/69034099_176564526840165_3521578840321778350_n.jpg?_nc_ht=instagram.fmaa8-1.fna.fbcdn.net&_nc_cat=109",
            "edge_liked_by": {
                "count": 23
            },
            "edge_media_preview_like": {
                "count": 23
            },
            "edge_media_to_caption": {
                "edges": [
                    {
                        "node": {
                            "text": "“Most of my life, I would have doubted myself and backed down. Having public standing as a writer of history helped me stand my ground, but few women get that boost, and billions of women must be out there on this seven-billion-person planet being told that they are not reliable witnesses to their own lives, that the truth is not their property, now or ever. This goes way beyond Men Explaining Things, but it’s part of the same archipelago of arrogance. ⁣\n⁣\nMen explain things to me, still. And no man has ever apologized for explaining, wrongly, things that I know and they don’t.” ⁣\n⁣\n- Rebecca Solnit, “Men Explain Things To Me” ⁣\n⁣\nI read this book after spending a significant amount of time with condescending men this past month. There was plenty in this book I didn’t like, but it was nice reading about self doubt and arrogant men and knowing I’m not alone. ⁣\n⁣\n🌱📚♥️"
                        }
                    }
                ]
            },
            "edge_media_to_comment": {
                "count": 5
            },
            "id": "2140152966168973175",
            "is_video": false,
            "owner": {
                "id": "10269091906"
            },
            "shortcode": "B2zWcihgA93",
            "tags": [],
            "taken_at_timestamp": 1569346136,
            "thumbnail_resources": [
                {
                    "config_height": 150,
                    "config_width": 150,
                    "src": "https://instagram.fmaa8-1.fna.fbcdn.net/vp/058dc658fa7fda26c562c92281a5e1b0/5E2F0DA5/t51.2885-15/e35/c0.180.1440.1440a/s150x150/69034099_176564526840165_3521578840321778350_n.jpg?_nc_ht=instagram.fmaa8-1.fna.fbcdn.net&_nc_cat=109"
                },
                {
                    "config_height": 240,
                    "config_width": 240,
                    "src": "https://instagram.fmaa8-1.fna.fbcdn.net/vp/29df8ff775a7bbd71fb8f91741236dba/5E2DC2EF/t51.2885-15/e35/c0.180.1440.1440a/s240x240/69034099_176564526840165_3521578840321778350_n.jpg?_nc_ht=instagram.fmaa8-1.fna.fbcdn.net&_nc_cat=109"
                },
                {
                    "config_height": 320,
                    "config_width": 320,
                    "src": "https://instagram.fmaa8-1.fna.fbcdn.net/vp/3009602f00dc4ba5139aaadb9ac81a71/5E420A55/t51.2885-15/e35/c0.180.1440.1440a/s320x320/69034099_176564526840165_3521578840321778350_n.jpg?_nc_ht=instagram.fmaa8-1.fna.fbcdn.net&_nc_cat=109"
                },
                {
                    "config_height": 480,
                    "config_width": 480,
                    "src": "https://instagram.fmaa8-1.fna.fbcdn.net/vp/d7926da2fbb3078199dabe20d2a7ba68/5E310F0F/t51.2885-15/e35/c0.180.1440.1440a/s480x480/69034099_176564526840165_3521578840321778350_n.jpg?_nc_ht=instagram.fmaa8-1.fna.fbcdn.net&_nc_cat=109"
                },
                {
                    "config_height": 640,
                    "config_width": 640,
                    "src": "https://instagram.fmaa8-1.fna.fbcdn.net/vp/9c5ec5f383eecbe618851851ef0fe749/5E5EC56E/t51.2885-15/sh0.08/e35/c0.180.1440.1440a/s640x640/69034099_176564526840165_3521578840321778350_n.jpg?_nc_ht=instagram.fmaa8-1.fna.fbcdn.net&_nc_cat=109"
                }
            ],
            "thumbnail_src": "https://instagram.fmaa8-1.fna.fbcdn.net/vp/9c5ec5f383eecbe618851851ef0fe749/5E5EC56E/t51.2885-15/sh0.08/e35/c0.180.1440.1440a/s640x640/69034099_176564526840165_3521578840321778350_n.jpg?_nc_ht=instagram.fmaa8-1.fna.fbcdn.net&_nc_cat=109",
            "urls": [
                "https://instagram.fmaa8-1.fna.fbcdn.net/vp/4a7832f8e0ee7f7e69c484db85c54509/5E28C2FD/t51.2885-15/e35/p1080x1080/69034099_176564526840165_3521578840321778350_n.jpg?_nc_ht=instagram.fmaa8-1.fna.fbcdn.net&_nc_cat=109"
            ]
        },
        {
            "comments_disabled": false,
            "dimensions": {
                "height": 1348,
                "width": 1080
            },
            "display_url": "https://instagram.fmaa8-1.fna.fbcdn.net/vp/3139c7a3621f7b7b855c0a594d8fb47a/5E2A3804/t51.2885-15/e35/43985767_333390900802121_7540448152347627960_n.jpg?_nc_ht=instagram.fmaa8-1.fna.fbcdn.net&_nc_cat=105",
            "edge_liked_by": {
                "count": 393
            },
            "edge_media_preview_like": {
                "count": 393
            },
            "edge_media_to_caption": {
                "edges": [
                    {
                        "node": {
                            "text": "Best scene. #venom"
                        }
                    }
                ]
            },
            "edge_media_to_comment": {
                "count": 6
            },
            "id": "1896590625505830321",
            "is_video": false,
            "owner": {
                "id": "538274600"
            },
            "shortcode": "BpSCyAVnGWx",
            "tags": [
                "venom"
            ],
            "taken_at_timestamp": 1540311242,
            "thumbnail_resources": [
                {
                    "config_height": 150,
                    "config_width": 150,
                    "src": "https://instagram.fmaa8-1.fna.fbcdn.net/vp/f08cbc39797a0a4a0bb55fed6ae8a621/5E346189/t51.2885-15/e35/c0.97.781.781a/s150x150/43985767_333390900802121_7540448152347627960_n.jpg?_nc_ht=instagram.fmaa8-1.fna.fbcdn.net&_nc_cat=105"
                },
                {
                    "config_height": 240,
                    "config_width": 240,
                    "src": "https://instagram.fmaa8-1.fna.fbcdn.net/vp/9e161336606aca5485a4a98690696741/5E5E88C3/t51.2885-15/e35/c0.97.781.781a/s240x240/43985767_333390900802121_7540448152347627960_n.jpg?_nc_ht=instagram.fmaa8-1.fna.fbcdn.net&_nc_cat=105"
                },
                {
                    "config_height": 320,
                    "config_width": 320,
                    "src": "https://instagram.fmaa8-1.fna.fbcdn.net/vp/785ffb55476fbcc293630ad13dddf278/5E350B79/t51.2885-15/e35/c0.97.781.781a/s320x320/43985767_333390900802121_7540448152347627960_n.jpg?_nc_ht=instagram.fmaa8-1.fna.fbcdn.net&_nc_cat=105"
                },
                {
                    "config_height": 480,
                    "config_width": 480,
                    "src": "https://instagram.fmaa8-1.fna.fbcdn.net/vp/3e4f74abf6c1172dc7da80cd226aa912/5E2B4B23/t51.2885-15/e35/c0.97.781.781a/s480x480/43985767_333390900802121_7540448152347627960_n.jpg?_nc_ht=instagram.fmaa8-1.fna.fbcdn.net&_nc_cat=105"
                },
                {
                    "config_height": 640,
                    "config_width": 640,
                    "src": "https://instagram.fmaa8-1.fna.fbcdn.net/vp/155f1d2e2dcd9a1e5bb31f042df56e75/5E345983/t51.2885-15/sh0.08/e35/c0.97.781.781a/s640x640/43985767_333390900802121_7540448152347627960_n.jpg?_nc_ht=instagram.fmaa8-1.fna.fbcdn.net&_nc_cat=105"
                }
            ],
            "thumbnail_src": "https://instagram.fmaa8-1.fna.fbcdn.net/vp/155f1d2e2dcd9a1e5bb31f042df56e75/5E345983/t51.2885-15/sh0.08/e35/c0.97.781.781a/s640x640/43985767_333390900802121_7540448152347627960_n.jpg?_nc_ht=instagram.fmaa8-1.fna.fbcdn.net&_nc_cat=105",
            "urls": [
                "https://instagram.fmaa8-1.fna.fbcdn.net/vp/3139c7a3621f7b7b855c0a594d8fb47a/5E2A3804/t51.2885-15/e35/43985767_333390900802121_7540448152347627960_n.jpg?_nc_ht=instagram.fmaa8-1.fna.fbcdn.net&_nc_cat=105"
            ]
        },
        {
            "comments_disabled": false,
            "dimensions": {
                "height": 923,
                "width": 1080
            },
            "display_url": "https://instagram.fmaa8-1.fna.fbcdn.net/vp/c6539d5fdf9e4d551afdccc30b5c36ae/5E271764/t51.2885-15/e35/37189291_267401037178058_8446003323013693440_n.jpg?_nc_ht=instagram.fmaa8-1.fna.fbcdn.net&_nc_cat=102",
            "edge_liked_by": {
                "count": 50
            },
            "edge_media_preview_like": {
                "count": 50
            },
            "edge_media_to_caption": {
                "edges": [
                    {
                        "node": {
                            "text": "Bir Türkiye parçası: Soma’nın kadınları\n\nPozitif ayrımcılık nereye kadar? Politik doğruculuk ne işe yarar, mücadele davanın topraklarından doğmadıkça? Soma katliamı ve 3 yıllık dava süreci üzerinden Türkiye’ye hakim olan dedikodu çemberi, onun içinde kalan kadınlar, evlerden ‘kurtulamayan’ gelinler, aynı davada buluşmuş kadın avukatlar, ilçenin yazılamayan pavyon haberleri, yerel gazetecinin önemi ve örgütlerin mansplaining’ine uzandık.\n.\n.\n#manspalining #örgüt #soma #yırca #kadın #politikdoğruculuk \nSeçil Türkkan'ın söyleşisinin devam için profildeki linke tıklayın👆"
                        }
                    }
                ]
            },
            "edge_media_to_comment": {
                "count": 0
            },
            "id": "1831896565385996747",
            "is_video": false,
            "owner": {
                "id": "3670470000"
            },
            "shortcode": "BlsNDhtFynL",
            "tags": [
                "politikdoğruculuk",
                "kadın",
                "soma",
                "yırca",
                "manspalining",
                "örgüt"
            ],
            "taken_at_timestamp": 1532599109,
            "thumbnail_resources": [
                {
                    "config_height": 150,
                    "config_width": 150,
                    "src": "https://instagram.fmaa8-1.fna.fbcdn.net/vp/4cb0d6b931f9464bfc79aab25550335c/5E3E94F6/t51.2885-15/e35/c65.0.768.768a/s150x150/37189291_267401037178058_8446003323013693440_n.jpg?_nc_ht=instagram.fmaa8-1.fna.fbcdn.net&_nc_cat=102"
                },
                {
                    "config_height": 240,
                    "config_width": 240,
                    "src": "https://instagram.fmaa8-1.fna.fbcdn.net/vp/3e2de999ded25794cbabcfb813595eaa/5E5E05BC/t51.2885-15/e35/c65.0.768.768a/s240x240/37189291_267401037178058_8446003323013693440_n.jpg?_nc_ht=instagram.fmaa8-1.fna.fbcdn.net&_nc_cat=102"
                },
                {
                    "config_height": 320,
                    "config_width": 320,
                    "src": "https://instagram.fmaa8-1.fna.fbcdn.net/vp/2ed5576d86c061c61a25fede40f238c9/5E239B06/t51.2885-15/e35/c65.0.768.768a/s320x320/37189291_267401037178058_8446003323013693440_n.jpg?_nc_ht=instagram.fmaa8-1.fna.fbcdn.net&_nc_cat=102"
                },
                {
                    "config_height": 480,
                    "config_width": 480,
                    "src": "https://instagram.fmaa8-1.fna.fbcdn.net/vp/11cca23336e0a7661ddf4f0a81b973ff/5E627F5C/t51.2885-15/e35/c65.0.768.768a/s480x480/37189291_267401037178058_8446003323013693440_n.jpg?_nc_ht=instagram.fmaa8-1.fna.fbcdn.net&_nc_cat=102"
                },
                {
                    "config_height": 640,
                    "config_width": 640,
                    "src": "https://instagram.fmaa8-1.fna.fbcdn.net/vp/aee13e74646278389b0241179549bd56/5E26BEFC/t51.2885-15/sh0.08/e35/c65.0.768.768a/s640x640/37189291_267401037178058_8446003323013693440_n.jpg?_nc_ht=instagram.fmaa8-1.fna.fbcdn.net&_nc_cat=102"
                }
            ],
            "thumbnail_src": "https://instagram.fmaa8-1.fna.fbcdn.net/vp/aee13e74646278389b0241179549bd56/5E26BEFC/t51.2885-15/sh0.08/e35/c65.0.768.768a/s640x640/37189291_267401037178058_8446003323013693440_n.jpg?_nc_ht=instagram.fmaa8-1.fna.fbcdn.net&_nc_cat=102",
            "urls": [
                "https://instagram.fmaa8-1.fna.fbcdn.net/vp/c6539d5fdf9e4d551afdccc30b5c36ae/5E271764/t51.2885-15/e35/37189291_267401037178058_8446003323013693440_n.jpg?_nc_ht=instagram.fmaa8-1.fna.fbcdn.net&_nc_cat=102"
            ]
        },
        {
            "comments_disabled": false,
            "dimensions": {
                "height": 272,
                "width": 480
            },
            "display_url": "https://instagram.fmaa8-1.fna.fbcdn.net/vp/f27ecb9581a4ae3c0e028b8af6275ca3/5DAA897C/t51.2885-15/e35/36984233_1878652455489962_2222377178878705664_n.jpg?_nc_ht=instagram.fmaa8-1.fna.fbcdn.net&_nc_cat=102",
            "edge_liked_by": {
                "count": 61
            },
            "edge_media_preview_like": {
                "count": 61
            },
            "edge_media_to_caption": {
                "edges": [
                    {
                        "node": {
                            "text": "Par De Tres es el resultado de un difícil proceso de desarrollo creativo hecho por mentes sublimes y complejas. Hoy os vamos a enseñar como llegamos a parir nuestro nombre. \nTomen apuntes por favor, que esto va para largo.\n\n#somospardetres #therealpardetres #comedia #manspalining #quienessomos\n#pardetres #comedymandanguer\n#comedy #videopodcast \n#staytuned #soon #prontamente"
                        }
                    }
                ]
            },
            "edge_media_to_comment": {
                "count": 10
            },
            "id": "1826803455868731697",
            "is_video": true,
            "owner": {
                "id": "8229853268"
            },
            "shortcode": "BlaHBB1gwEx",
            "tags": [
                "videopodcast",
                "somospardetres",
                "comedy",
                "staytuned",
                "soon",
                "comedymandanguer",
                "therealpardetres",
                "comedia",
                "prontamente",
                "pardetres",
                "manspalining",
                "quienessomos"
            ],
            "taken_at_timestamp": 1531992234,
            "thumbnail_resources": [
                {
                    "config_height": 150,
                    "config_width": 150,
                    "src": "https://instagram.fmaa8-1.fna.fbcdn.net/vp/3f41d49ff9f1666a7f14703d425b9ab3/5DAAA7D4/t51.2885-15/e35/c104.0.272.272a/s150x150/36984233_1878652455489962_2222377178878705664_n.jpg?_nc_ht=instagram.fmaa8-1.fna.fbcdn.net&_nc_cat=102"
                },
                {
                    "config_height": 240,
                    "config_width": 240,
                    "src": "https://instagram.fmaa8-1.fna.fbcdn.net/vp/97a33913dd1bfaba096949ab23e540e5/5DAABF52/t51.2885-15/e35/c104.0.272.272a/s240x240/36984233_1878652455489962_2222377178878705664_n.jpg?_nc_ht=instagram.fmaa8-1.fna.fbcdn.net&_nc_cat=102"
                },
                {
                    "config_height": 320,
                    "config_width": 320,
                    "src": "https://instagram.fmaa8-1.fna.fbcdn.net/vp/6b82c5e52fa6e7c1e487bd3e6b702587/5DAAD2CB/t51.2885-15/e35/c104.0.272.272a/36984233_1878652455489962_2222377178878705664_n.jpg?_nc_ht=instagram.fmaa8-1.fna.fbcdn.net&_nc_cat=102"
                },
                {
                    "config_height": 480,
                    "config_width": 480,
                    "src": "https://instagram.fmaa8-1.fna.fbcdn.net/vp/6b82c5e52fa6e7c1e487bd3e6b702587/5DAAD2CB/t51.2885-15/e35/c104.0.272.272a/36984233_1878652455489962_2222377178878705664_n.jpg?_nc_ht=instagram.fmaa8-1.fna.fbcdn.net&_nc_cat=102"
                },
                {
                    "config_height": 640,
                    "config_width": 640,
                    "src": "https://instagram.fmaa8-1.fna.fbcdn.net/vp/6b82c5e52fa6e7c1e487bd3e6b702587/5DAAD2CB/t51.2885-15/e35/c104.0.272.272a/36984233_1878652455489962_2222377178878705664_n.jpg?_nc_ht=instagram.fmaa8-1.fna.fbcdn.net&_nc_cat=102"
                }
            ],
            "thumbnail_src": "https://instagram.fmaa8-1.fna.fbcdn.net/vp/6b82c5e52fa6e7c1e487bd3e6b702587/5DAAD2CB/t51.2885-15/e35/c104.0.272.272a/36984233_1878652455489962_2222377178878705664_n.jpg?_nc_ht=instagram.fmaa8-1.fna.fbcdn.net&_nc_cat=102",
            "urls": [
                "https://instagram.fmaa8-1.fna.fbcdn.net/v/t50.2886-16/36764310_1699294703529783_8487675780074045440_n.mp4?_nc_ht=instagram.fmaa8-1.fna.fbcdn.net&_nc_cat=103&oe=5DAAE96D&oh=bfe5be7a9386d66f61f1189db280025a"
            ],
            "video_view_count": 336
        },
        {
            "comments_disabled": false,
            "dimensions": {
                "height": 1080,
                "width": 1080
            },
            "display_url": "https://instagram.fmaa8-1.fna.fbcdn.net/vp/77441e5d7793d6a55fb57cafe4129be6/5E3223BE/t51.2885-15/e35/37238170_206106256754403_327384225734983680_n.jpg?_nc_ht=instagram.fmaa8-1.fna.fbcdn.net&_nc_cat=103",
            "edge_liked_by": {
                "count": 61
            },
            "edge_media_preview_like": {
                "count": 61
            },
            "edge_media_to_caption": {
                "edges": [
                    {
                        "node": {
                            "text": "Hoy os vamos a explicar lo que es Par De Tres de la manera más pasivo-agresiva que existe...notitas de post-it.\nY quien no haya volcado toda su ira en un post-it tratando de disimular el sentimiento de arrancar cabezas que tire la primera piedra.\n\n#somospardetres #therealpardetres #comedia #manspalining #quienessomos\n#pardetres #comedymandanguer\n#comedy #videopodcast \n#staytuned #soon #prontamente"
                        }
                    }
                ]
            },
            "edge_media_to_comment": {
                "count": 6
            },
            "id": "1826185902712607276",
            "is_video": false,
            "owner": {
                "id": "8229853268"
            },
            "shortcode": "BlX6mcpAtIs",
            "tags": [
                "videopodcast",
                "somospardetres",
                "comedy",
                "staytuned",
                "soon",
                "comedymandanguer",
                "therealpardetres",
                "comedia",
                "prontamente",
                "pardetres",
                "manspalining",
                "quienessomos"
            ],
            "taken_at_timestamp": 1531918345,
            "thumbnail_resources": [
                {
                    "config_height": 150,
                    "config_width": 150,
                    "src": "https://instagram.fmaa8-1.fna.fbcdn.net/vp/9a8f040ef27aaa5dff6d7de7f3922d70/5E31B52C/t51.2885-15/e35/s150x150/37238170_206106256754403_327384225734983680_n.jpg?_nc_ht=instagram.fmaa8-1.fna.fbcdn.net&_nc_cat=103"
                },
                {
                    "config_height": 240,
                    "config_width": 240,
                    "src": "https://instagram.fmaa8-1.fna.fbcdn.net/vp/75119deede234192967c2e7a931f608e/5E2AED99/t51.2885-15/e35/s240x240/37238170_206106256754403_327384225734983680_n.jpg?_nc_ht=instagram.fmaa8-1.fna.fbcdn.net&_nc_cat=103"
                },
                {
                    "config_height": 320,
                    "config_width": 320,
                    "src": "https://instagram.fmaa8-1.fna.fbcdn.net/vp/9c53c011eef7addcb2633b309e836306/5E3FCA21/t51.2885-15/e35/s320x320/37238170_206106256754403_327384225734983680_n.jpg?_nc_ht=instagram.fmaa8-1.fna.fbcdn.net&_nc_cat=103"
                },
                {
                    "config_height": 480,
                    "config_width": 480,
                    "src": "https://instagram.fmaa8-1.fna.fbcdn.net/vp/13745f671689145b24bdfc2b594231c7/5E34017D/t51.2885-15/e35/s480x480/37238170_206106256754403_327384225734983680_n.jpg?_nc_ht=instagram.fmaa8-1.fna.fbcdn.net&_nc_cat=103"
                },
                {
                    "config_height": 640,
                    "config_width": 640,
                    "src": "https://instagram.fmaa8-1.fna.fbcdn.net/vp/6be773012b1fdf1d9a0a26578428f2e8/5E5F4CCD/t51.2885-15/sh0.08/e35/s640x640/37238170_206106256754403_327384225734983680_n.jpg?_nc_ht=instagram.fmaa8-1.fna.fbcdn.net&_nc_cat=103"
                }
            ],
            "thumbnail_src": "https://instagram.fmaa8-1.fna.fbcdn.net/vp/6be773012b1fdf1d9a0a26578428f2e8/5E5F4CCD/t51.2885-15/sh0.08/e35/s640x640/37238170_206106256754403_327384225734983680_n.jpg?_nc_ht=instagram.fmaa8-1.fna.fbcdn.net&_nc_cat=103",
            "urls": [
                "https://instagram.fmaa8-1.fna.fbcdn.net/vp/77441e5d7793d6a55fb57cafe4129be6/5E3223BE/t51.2885-15/e35/37238170_206106256754403_327384225734983680_n.jpg?_nc_ht=instagram.fmaa8-1.fna.fbcdn.net&_nc_cat=103",
                "https://instagram.fmaa8-1.fna.fbcdn.net/vp/4996f23838bde1bb6e48d03d38e4bde9/5E269368/t51.2885-15/e35/36667409_258051458320375_6704315203116335104_n.jpg?_nc_ht=instagram.fmaa8-1.fna.fbcdn.net&_nc_cat=107",
                "https://instagram.fmaa8-1.fna.fbcdn.net/vp/95d0d0cdf3adce156ada5e51060b2640/5E1FC575/t51.2885-15/e35/36542228_209570679759938_177603477579497472_n.jpg?_nc_ht=instagram.fmaa8-1.fna.fbcdn.net&_nc_cat=102",
                "https://instagram.fmaa8-1.fna.fbcdn.net/vp/200cf6c178275a40342ddbbccf460b57/5E44DC5C/t51.2885-15/e35/36855499_1872515576375364_7087887647011504128_n.jpg?_nc_ht=instagram.fmaa8-1.fna.fbcdn.net&_nc_cat=100",
                "https://instagram.fmaa8-1.fna.fbcdn.net/vp/fabbcefea9fd2b8a47cb35bf23617a2f/5E41F979/t51.2885-15/e35/37146968_435755420272348_7454900969050996736_n.jpg?_nc_ht=instagram.fmaa8-1.fna.fbcdn.net&_nc_cat=104",
                "https://instagram.fmaa8-1.fna.fbcdn.net/vp/1e4af84ada8e8e89704909244a62cef5/5E2D1C63/t51.2885-15/e35/37152077_226908481269813_6588497209501679616_n.jpg?_nc_ht=instagram.fmaa8-1.fna.fbcdn.net&_nc_cat=109",
                "https://instagram.fmaa8-1.fna.fbcdn.net/vp/933a359185aefc27e0360d56801f65a9/5E263020/t51.2885-15/e35/36913245_482335745548715_5347512369767514112_n.jpg?_nc_ht=instagram.fmaa8-1.fna.fbcdn.net&_nc_cat=111"
            ]
        },
        {
            "comments_disabled": false,
            "dimensions": {
                "height": 1350,
                "width": 1080
            },
            "display_url": "https://instagram.fmaa8-1.fna.fbcdn.net/vp/401777fc870a52912b04ec4961c2d21a/5E2ED870/t51.2885-15/e35/23098769_716576758541914_4175784251343503360_n.jpg?_nc_ht=instagram.fmaa8-1.fna.fbcdn.net&_nc_cat=110",
            "edge_liked_by": {
                "count": 15
            },
            "edge_media_preview_like": {
                "count": 15
            },
            "edge_media_to_caption": {
                "edges": [
                    {
                        "node": {
                            "text": "#Critica de #valerian  de #lucbesson para @buenosbaresarg\n\nhttp://www.buenosbares.com/critica-valerian-la-ciudad-los-mil-planetas/\n\n#danedehann #caradelevigne #cliveowen #ethanhawke #rihanna #pierrechristin #jeanclaudemezieres #scifi #prestarwars #sexcism #space #manspalining #comictomovie #Comics #movie  #adaptation #machismo  #chauvinism #actors"
                        }
                    }
                ]
            },
            "edge_media_to_comment": {
                "count": 0
            },
            "id": "1638548241393866049",
            "is_video": false,
            "owner": {
                "id": "2140740534"
            },
            "shortcode": "Ba9SvGzn1VB",
            "tags": [
                "pierrechristin",
                "cliveowen",
                "ethanhawke",
                "Critica",
                "movie",
                "prestarwars",
                "danedehann",
                "caradelevigne",
                "rihanna",
                "space",
                "machismo",
                "sexcism",
                "manspalining",
                "lucbesson",
                "valerian",
                "scifi",
                "actors",
                "adaptation",
                "chauvinism",
                "comictomovie",
                "Comics",
                "jeanclaudemezieres"
            ],
            "taken_at_timestamp": 1509550193,
            "thumbnail_resources": [
                {
                    "config_height": 150,
                    "config_width": 150,
                    "src": "https://instagram.fmaa8-1.fna.fbcdn.net/vp/2faa6cb4d40848fe8677b2e39e19e810/5E3579CD/t51.2885-15/e35/c0.101.810.810a/s150x150/23098769_716576758541914_4175784251343503360_n.jpg?_nc_ht=instagram.fmaa8-1.fna.fbcdn.net&_nc_cat=110"
                },
                {
                    "config_height": 240,
                    "config_width": 240,
                    "src": "https://instagram.fmaa8-1.fna.fbcdn.net/vp/18de942afcf3d83b7b3844ae746c99dd/5E237087/t51.2885-15/e35/c0.101.810.810a/s240x240/23098769_716576758541914_4175784251343503360_n.jpg?_nc_ht=instagram.fmaa8-1.fna.fbcdn.net&_nc_cat=110"
                },
                {
                    "config_height": 320,
                    "config_width": 320,
                    "src": "https://instagram.fmaa8-1.fna.fbcdn.net/vp/77b9731db57e68cd2c1face7e85bc204/5E30FC3D/t51.2885-15/e35/c0.101.810.810a/s320x320/23098769_716576758541914_4175784251343503360_n.jpg?_nc_ht=instagram.fmaa8-1.fna.fbcdn.net&_nc_cat=110"
                },
                {
                    "config_height": 480,
                    "config_width": 480,
                    "src": "https://instagram.fmaa8-1.fna.fbcdn.net/vp/6b44a8488fd6d515840e69720f521c02/5E29B567/t51.2885-15/e35/c0.101.810.810a/s480x480/23098769_716576758541914_4175784251343503360_n.jpg?_nc_ht=instagram.fmaa8-1.fna.fbcdn.net&_nc_cat=110"
                },
                {
                    "config_height": 640,
                    "config_width": 640,
                    "src": "https://instagram.fmaa8-1.fna.fbcdn.net/vp/e97feba39a998ccadee9f17bf68e3dad/5E3429A5/t51.2885-15/sh0.08/e35/c0.101.810.810a/s640x640/23098769_716576758541914_4175784251343503360_n.jpg?_nc_ht=instagram.fmaa8-1.fna.fbcdn.net&_nc_cat=110"
                }
            ],
            "thumbnail_src": "https://instagram.fmaa8-1.fna.fbcdn.net/vp/e97feba39a998ccadee9f17bf68e3dad/5E3429A5/t51.2885-15/sh0.08/e35/c0.101.810.810a/s640x640/23098769_716576758541914_4175784251343503360_n.jpg?_nc_ht=instagram.fmaa8-1.fna.fbcdn.net&_nc_cat=110",
            "urls": [
                "https://instagram.fmaa8-1.fna.fbcdn.net/vp/401777fc870a52912b04ec4961c2d21a/5E2ED870/t51.2885-15/e35/23098769_716576758541914_4175784251343503360_n.jpg?_nc_ht=instagram.fmaa8-1.fna.fbcdn.net&_nc_cat=110"
            ]
        },
        {
            "comments_disabled": false,
            "dimensions": {
                "height": 1350,
                "width": 1080
            },
            "display_url": "https://instagram.fmaa8-1.fna.fbcdn.net/vp/cde9fadc0c298ef5fd82575996f1eec1/5E1EF7DC/t51.2885-15/e35/19227223_168269943711418_4355293375847464960_n.jpg?_nc_ht=instagram.fmaa8-1.fna.fbcdn.net&_nc_cat=110",
            "edge_liked_by": {
                "count": 43
            },
            "edge_media_preview_like": {
                "count": 43
            },
            "edge_media_to_caption": {
                "edges": [
                    {
                        "node": {
                            "text": "Yeah. That's what I forgot to mention while I was on this beautiful trip to Mcleodganj. And yes, you can call me whatever for sharing this particular with you! 'Muktimorcha' to 'frustu', whatever. 🙃\n\nI preserved this picture out of the whole lot. Say hello to those who made sure that we worry about 'safety and security' rather way too much than required, because obviously we are girls...and then we're in India and rather stupid too, for travelling 'alone' and crazy shits to trek our way up a waterfall. \nYes, they were chased away by the police! But episodes of general harassment continued for the next three days perpetrated by different men, at different points while we were exploring the place. Hence, the bright paint of frustration on my friend's face! \nI wonder why such contradictary events occur when #notallmen are claimed to be alike. 🤔 Really confused...and therefore, looking forward to some #manspalining ...\n#everydaysexism #notonedaycanbedifferent #ballbrainsaround #justareminder #lookoutfortroublealways #obviouslyagain  #becauseyouareawoman #andbecause #yourvaginaistheidentity #slowclaps"
                        }
                    }
                ]
            },
            "edge_media_to_comment": {
                "count": 4
            },
            "id": "1536269224119552797",
            "is_video": false,
            "owner": {
                "id": "1619273435"
            },
            "shortcode": "BVR7LhHAssd",
            "tags": [
                "slowclaps",
                "justareminder",
                "obviouslyagain",
                "notallmen",
                "ballbrainsaround",
                "everydaysexism",
                "yourvaginaistheidentity",
                "lookoutfortroublealways",
                "becauseyouareawoman",
                "manspalining",
                "notonedaycanbedifferent",
                "andbecause"
            ],
            "taken_at_timestamp": 1497357584,
            "thumbnail_resources": [
                {
                    "config_height": 150,
                    "config_width": 150,
                    "src": "https://instagram.fmaa8-1.fna.fbcdn.net/vp/a9b77eb4f8d7f330a1f403cc363e6027/5E2E5F1B/t51.2885-15/e35/c0.135.1080.1080a/s150x150/19227223_168269943711418_4355293375847464960_n.jpg?_nc_ht=instagram.fmaa8-1.fna.fbcdn.net&_nc_cat=110"
                },
                {
                    "config_height": 240,
                    "config_width": 240,
                    "src": "https://instagram.fmaa8-1.fna.fbcdn.net/vp/ba5294779f16163073a13e6d71b3b49c/5E64F451/t51.2885-15/e35/c0.135.1080.1080a/s240x240/19227223_168269943711418_4355293375847464960_n.jpg?_nc_ht=instagram.fmaa8-1.fna.fbcdn.net&_nc_cat=110"
                },
                {
                    "config_height": 320,
                    "config_width": 320,
                    "src": "https://instagram.fmaa8-1.fna.fbcdn.net/vp/a1ed15e297d21c2a059ff4efdec0a9e0/5E6048EB/t51.2885-15/e35/c0.135.1080.1080a/s320x320/19227223_168269943711418_4355293375847464960_n.jpg?_nc_ht=instagram.fmaa8-1.fna.fbcdn.net&_nc_cat=110"
                },
                {
                    "config_height": 480,
                    "config_width": 480,
                    "src": "https://instagram.fmaa8-1.fna.fbcdn.net/vp/dda3f020c5c46bef04dcd3298e135ed9/5E24B7B1/t51.2885-15/e35/c0.135.1080.1080a/s480x480/19227223_168269943711418_4355293375847464960_n.jpg?_nc_ht=instagram.fmaa8-1.fna.fbcdn.net&_nc_cat=110"
                },
                {
                    "config_height": 640,
                    "config_width": 640,
                    "src": "https://instagram.fmaa8-1.fna.fbcdn.net/vp/6185d2b3738024b5b6ee6b9948c122c5/5E2D50D0/t51.2885-15/sh0.08/e35/c0.135.1080.1080a/s640x640/19227223_168269943711418_4355293375847464960_n.jpg?_nc_ht=instagram.fmaa8-1.fna.fbcdn.net&_nc_cat=110"
                }
            ],
            "thumbnail_src": "https://instagram.fmaa8-1.fna.fbcdn.net/vp/6185d2b3738024b5b6ee6b9948c122c5/5E2D50D0/t51.2885-15/sh0.08/e35/c0.135.1080.1080a/s640x640/19227223_168269943711418_4355293375847464960_n.jpg?_nc_ht=instagram.fmaa8-1.fna.fbcdn.net&_nc_cat=110",
            "urls": [
                "https://instagram.fmaa8-1.fna.fbcdn.net/vp/cde9fadc0c298ef5fd82575996f1eec1/5E1EF7DC/t51.2885-15/e35/19227223_168269943711418_4355293375847464960_n.jpg?_nc_ht=instagram.fmaa8-1.fna.fbcdn.net&_nc_cat=110"
            ]
        },
        {
            "comments_disabled": false,
            "dimensions": {
                "height": 421,
                "width": 750
            },
            "display_url": "https://instagram.fmaa8-1.fna.fbcdn.net/vp/27f20d114b18e156757ce0b6daf20da7/5DAA7805/t51.2885-15/e15/17596029_1469666426391091_483602696075476992_n.jpg?_nc_ht=instagram.fmaa8-1.fna.fbcdn.net&_nc_cat=107",
            "edge_liked_by": {
                "count": 153
            },
            "edge_media_preview_like": {
                "count": 153
            },
            "edge_media_to_caption": {
                "edges": [
                    {
                        "node": {
                            "text": "Mansplaining är ett vanligt fenomen! Imorse i @nyhetsmorgon gav @elaineeksvard fyra tips på hur du hanterar dessa obekväma situationer på bästa sätt. Känner du en besserwisser, idéknyckare, pseudoexpert eller en som inte är lyhörd för din kompetens. Det finns sätt att hantera dessa snyggt. Här får du fyra tips, hela klippet hittar du i bion. Tagga någon du vet skulle ha glädje av tipsen. \n#retorikexpert #manspalining #nyhetsmorgon #vardagsretorik #fixavardsgssnacket"
                        }
                    }
                ]
            },
            "edge_media_to_comment": {
                "count": 8
            },
            "id": "1481075261974059709",
            "is_video": true,
            "owner": {
                "id": "1477923460"
            },
            "shortcode": "BSN1hqLlRq9",
            "tags": [
                "vardagsretorik",
                "nyhetsmorgon",
                "retorikexpert",
                "manspalining",
                "fixavardsgssnacket"
            ],
            "taken_at_timestamp": 1490777951,
            "thumbnail_resources": [
                {
                    "config_height": 150,
                    "config_width": 150,
                    "src": "https://instagram.fmaa8-1.fna.fbcdn.net/vp/12a41d69359bbf38a22297539b59b7bc/5DAA683E/t51.2885-15/e15/c157.0.405.405a/s150x150/17596029_1469666426391091_483602696075476992_n.jpg?_nc_ht=instagram.fmaa8-1.fna.fbcdn.net&_nc_cat=107"
                },
                {
                    "config_height": 240,
                    "config_width": 240,
                    "src": "https://instagram.fmaa8-1.fna.fbcdn.net/vp/a9ec5d3ffe5229b21c7d3abb71a43c4f/5DAAC234/t51.2885-15/e15/c157.0.405.405a/s240x240/17596029_1469666426391091_483602696075476992_n.jpg?_nc_ht=instagram.fmaa8-1.fna.fbcdn.net&_nc_cat=107"
                },
                {
                    "config_height": 320,
                    "config_width": 320,
                    "src": "https://instagram.fmaa8-1.fna.fbcdn.net/vp/6fbc78f524b1dea1aeffffebe4964aea/5DAA6A0E/t51.2885-15/e15/c157.0.405.405a/s320x320/17596029_1469666426391091_483602696075476992_n.jpg?_nc_ht=instagram.fmaa8-1.fna.fbcdn.net&_nc_cat=107"
                },
                {
                    "config_height": 480,
                    "config_width": 480,
                    "src": "https://instagram.fmaa8-1.fna.fbcdn.net/vp/5473175bd02b42eca033df927c598247/5DAA9F36/t51.2885-15/e15/c157.0.405.405a/17596029_1469666426391091_483602696075476992_n.jpg?_nc_ht=instagram.fmaa8-1.fna.fbcdn.net&_nc_cat=107"
                },
                {
                    "config_height": 640,
                    "config_width": 640,
                    "src": "https://instagram.fmaa8-1.fna.fbcdn.net/vp/5473175bd02b42eca033df927c598247/5DAA9F36/t51.2885-15/e15/c157.0.405.405a/17596029_1469666426391091_483602696075476992_n.jpg?_nc_ht=instagram.fmaa8-1.fna.fbcdn.net&_nc_cat=107"
                }
            ],
            "thumbnail_src": "https://instagram.fmaa8-1.fna.fbcdn.net/vp/5473175bd02b42eca033df927c598247/5DAA9F36/t51.2885-15/e15/c157.0.405.405a/17596029_1469666426391091_483602696075476992_n.jpg?_nc_ht=instagram.fmaa8-1.fna.fbcdn.net&_nc_cat=107",
            "urls": [
                "https://instagram.fmaa8-1.fna.fbcdn.net/v/t50.2886-16/17551309_577994399041027_4708989580555059200_n.mp4?_nc_ht=instagram.fmaa8-1.fna.fbcdn.net&_nc_cat=107&oe=5DAAE16E&oh=d4902bfacd09a0b150758b0eb5dd845a"
            ],
            "video_view_count": 4857
        }
    ]
}